Brand,Model,Price
Nike,Nike Air Force 1 LV8,"109,99 €"
Nike,Nike Blazer Mid '77 Vintage,"99,99 €"
Nike,Nike Air Max 270,"149,99 €"
Nike,Nike Air Force 1 '07,"99,99 €"
Nike,Nike Air Max Plus,"169,99 €"
Nike,Nike Air Max 97,"179,99 €"
Nike,Nike Air Max 90,"139,99 €"
Nike,Nike Air Max Plus,"179,99 €"
Nike,Nike Air Max SC,"79,99 €"
Nike,Nike Air Max Plus,"169,99 €"
Nike,Jordan Max Aura 2,"119,99 €"
Nike,Nike Air Max Plus EOI,"179,99 €"
Nike,Air Jordan 1 Low SE,"119,99 €"
Nike,Nike Air Max 90,"149,99 €"
Nike,Nike Air Force 1 '07,"99,99 €"
Nike,Air Jordan 1 Low,"109,99 €"
Nike,Air Jordan XXXV,"184,99 €"
Nike,Air Jordan 11 CMFT Low,"124,99 €"
Nike,Air Max 90 LTR,"139,99 €"
Nike,Nike React Vision,"129,99 €"
Nike,Nike Air Max 270 Ess,"149,99 €"
Nike,Nike Air Max Plus,"169,99 €"
Nike,Nike Air Max Plus III,"179,99 €"
Nike,Nike Air Max Plus,"169,99 €"
Nike,Nike Air Max 97,"179,99 €"
Nike,Jordan MA2 « Still Loading »,"129,99 €"
Nike,Air Jordan 11 CMFT Low,"124,99 €"
Nike,Nike Air Zoom Alphafly NEXT%,"299,99 €"
Nike,Nike ZoomX Vaporfly Next% 2,"249,99 €"
Nike,Nike Air Zoom Alphafly NEXT% Eliud Kipchoge,"309,99 €"
Nike,Nike Air Zoom Terra Kiger 7,"139,99 €"
Nike,Nike SuperRep Go 2,"99,99 €"
Nike,Nike ZoomX Invincible Run Flyknit,"179,99 €"
Nike,Nike Wildhorse 7,"119,99 €"
Nike,NikeCourt React Vapor NXT,"179,99 €"
Nike,Nike Air Max Bolt,"89,99 €"
Nike,Nike SuperRep Cycle,"119,99 €"
Nike,Jordan One Take II,"99,99 €"
Nike,Nike Air Zoom SuperRep 2,"119,99 €"
Nike,Nike SB Zoom Blazer Mid Premium,"109,99 €"
Nike,Nike SB Zoom Blazer Mid Edge,"99,99 €"
Nike,Nike Quest 3,"74,99 €"
Nike,Nike Zoom Fly 3,"159,99 €"
Nike,Nike Mercurial Dream Speed Superfly 8 Elite FG,"289,99 €"
Nike,Nike Mercurial Superfly 8 Elite FG,"269,99 €"
Nike,Nike Mercurial Vapor 14 Elite FG,"249,99 €"
Nike,Kyrie 7 « Brooklyn Beats »,"129,99 €"
Nike,Nike Air Max 90 G,"139,99 €"
Nike,Air Jordan 1 Mid,"119,99 €"
Nike,Nike Air Max Plus,"169,99 €"
Nike,Air Jordan 4,"199,99 €"
Nike,Nike Air Force 1 '07 LV8,"109,99 €"
Nike,Nike Air Force 1 Low,"109,99 €"
Nike,Nike Mercurial Superfly 8 Academy AG,"89,99 €"
Nike,Nike Mercurial Vapor 14 Academy IC,"79,99 €"
Nike,Nike Mercurial Superfly 8 Academy TF,"89,99 €"
Nike,Nike Mercurial Superfly 8 Academy IC,"89,99 €"
Nike,Air Jordan 1 Hi FlyEase,"159,99 €"
Nike,Nike Mercurial Superfly 8 Academy MG,"89,99 €"
Nike,Kyrie Low 4,"114,99 €"
Nike,Nike Mercurial Vapor 14 Pro FG,"139,99 €"
Nike,Jordan Delta 2,"129,99 €"
Nike,Nike Mercurial Vapor 14 Elite AG,"249,99 €"
Nike,Nike Mercurial Vapor 14 Academy TF,"79,99 €"
Nike,Nike Blazer Mid '77,"99,99 €"
Nike,Nike Blazer Low '77,"89,99 €"
Nike,Nike Mercurial Vapor 14 Academy FG/MG,"79,99 €"
Nike,Nike Air Tuned Max,"169,99 €"
Nike,Nike Mercurial Vapor 14 Pro TF,"119,99 €"
Nike,LeBron 18 Low « Summer Refresh »,"159,99 €"
Nike,LeBron 8 « Blue/Orange »,"199,99 €"
Nike,Nike SB Dunk High Pro,"119,99 €"
Nike,Nike Air VaporMax Evo,"224,99 €"
Nike,Nike Blazer Mid '77 Vintage By You,"119,99 €"
Nike,Nike Blazer Low '77 Vintage By You,"109,99 €"
Nike,Air Jordan 5 Retro,"189,99 €"
Nike,KD14,"149,99 €"
Nike,Air Jordan XXXV Low,"174,99 €"
Nike,Air Jordan 1 Retro High OG,"159,99 €"
Nike,Nike Air Max Genome,"169,99 €"
Nike,Nike Phantom GT Elite 3D AG-Pro,"269,99 €"
Nike,Nike Phantom GT Academy 3D MG,"84,99 €"
Nike,PG 5,"119,99 €"
Nike,Nike Phantom GT Academy Dynamic Fit 3D MG,"94,99 €"
Nike,Nike Air Max 90 G NRG,"159,99 €"
Nike,Nike Air Zoom Infinity Tour NRG,"219,99 €"
Nike,Nike Metcon 6 AMP,"139,99 €"
Nike,Nike Air Max Plus 3,"179,99 €"
Nike,Nike Premier II FG,"99,99 €"
Nike,Nike Premier II FG,"99,99 €"
Nike,Nike Premier II FG,"99,99 €"
Nike,NikeCourt Zoom Vapor Cage 4 Rafa,"149,99 €"
Nike,NikeCourt Zoom Vapor Cage 4 Rafa,"149,99 €"
Nike,Nike Phantom GT Elite Dynamic Fit 3D FG,"289,99 €"
Nike,Nike Phantom GT Elite 3D FG,"269,99 €"
Nike,Nike Crater Impact,"109,99 €"
Nike,Nike Air Zoom Pegasus 38,"119,99 €"
Nike,Nike Air Zoom Pegasus 38 FlyEase,"119,99 €"
Nike,Nike Air Max 270,"149,99 €"
Nike,Nike Premier 2 Sala IC,"79,99 €"
Nike,Nike Air Max Plus 3,"179,99 €"
Nike,Nike Air Max Plus,"169,99 €"
Nike,Nike Blazer Mid '77,"99,99 €"
Nike,Nike Court Legacy,"64,99 €"
Nike,NikeCourt Air Zoom Vapor Pro,"119,99 €"
Nike,Kyrie Low 4,"114,99 €"
Nike,Nike SB Zoom Stefan Janoski RM,"84,99 €"
Nike,NikeCourt Air Zoom Vapor Pro,"119,99 €"
Nike,NikeCourt Air Zoom Vapor Pro,"119,99 €"
Nike,Nike Air Zoom Tempo NEXT%,"199,99 €"
Nike,Nike Air Zoom Victory Tour 2,"219,99 €"
Nike,Nike Savaleos,"119,99 €"
Nike,Nike SpeedRep,"84,99 €"
Nike,NikeCourt Vapor Lite,"69,99 €"
Nike,NikeCourt Air Zoom Vapor Pro,"119,99 €"
Nike,NikeCourt Air Zoom Vapor Pro,"119,99 €"
Nike,Jordan Break,"29,99 €"
Nike,Jordan « Why Not? »Zer0.4,"139,99 €"
Nike,Nike Tiempo Legend 8 Club IC,"49,99 €"
Nike,Nike Lunar Gato II IC,"89,99 €"
Nike,Nike Tiempo Legend 8 Academy IC,"69,99 €"
Nike,Nike Tiempo Legend 8 Club TF,"49,99 €"
Nike,Nike Tiempo Legend 8 Academy TF,"69,99 €"
Nike,Nike Lunar Gato II IC,"89,99 €"
Nike,Nike Tiempo Legend 8 Pro TF,"109,99 €"
Nike,Nike Mercurial Vapor 14 Academy SG-Pro AC,"67,97 €"
Nike,NikeCourt Air Zoom GP Turbo,"84,99 €"
Nike,Nike Air Max 97,"139,99 €"
Nike,Nike React Phantom GT Pro TF,"179,99 €"
Nike,Nike Tiempo Legend 8 Pro SG,"71,47 €"
Nike,Nike React Tiempo Legend 8 Pro IC,"109,99 €"
Nike,Jordan Why Not? Zer0.4 « Marathon »,"84,47 €"
Nike,Nike Vapor Edge Pro 360 By You,"129,99 €"
Nike,Nike Benassi JDI,"109,99 €"
Nike,Nike Tanjun,"139,99 €"
Nike,Nike Blazer Low Leather,"139,90 €"
Nike,Nike Alpha Huarache Elite 3 Mid By You,"20,97 €"
Nike,Nike Mercurial Vapor 13 Academy TF,"27,99 €"
Nike,Nike Mercurial Vapor 13 Academy IC,"64,99 €"
Nike,Nike Air Max 2090,"71,97 €"
Nike,Nike Air Force 1/1 Unlocked By You,"89,99 €"
Nike,Nike Air Max Zephyr,"124,90 €"
Nike,Nike Air Zoom Pulse,"59,97 €"
Nike,Nike Tiempo Legend 8 Elite AG-PRO,"79,99 €"
Nike,Nike Air Max 270,"55,97 €"
Nike,Nike Air Max Plus III,"79,99 €"
Nike,Nike Air Max 90,"149,99 €"
Nike,Zoom Freak 2 « Play for the Future »,"199,90 €"
Nike,Nike Wearallday,"179,99 €"
Nike,Nike Asuna,"119,99 €"
Nike,Nike Air Max 270 React,"131,97 €"
Nike,Nike Air Presto,"219,90 €"
Nike,Nike Phantom GT Academy MG,"104,97 €"
Nike,Jordan Crater,"149,99 €"
Nike,Nike Air Zoom Infinity Tour NRG,"179,99 €"
Nike,Nike Air Max 95 « Home Team »,"98,47 €"
Nike,Nike Air Max 2090,140 €
Nike,Nike Mercurial Vapor 13 Elite Tech Craft FG,"119,99 €"
Nike,Nike Run All Day 2,"64,99 €"
Nike,Nike Air Max 1 By You,"37,47 €"
Nike,Nike SB Charge Suede,"49,99 €"
Nike,Nike Mercurial Superfly 8 Academy By You,"112,47 €"
Nike,Nike SB Zoom Blazer Low Pro GT,160 €
Nike,Nike Mercurial Superfly 7 Elite SG-PRO Anti-Clog Traction,"119,99 €"
Nike,Nike Air Max 2090,"79,99 €"
Nike,Nike Air VaporMax 2020 FK,"59,97 €"
Nike,Nike Tiempo Legend 8 Pro FG,"79,99 €"
Nike,Nike T-Lite 11,"219,99 €"
Nike,NikeCourt Lite 2,"179,99 €"
Nike,Nike Alpha Huarache Elite 3 Low By You,"90,47 €"
Nike,Nike Zoom Rize 2 By You,150 €
Nike,Nike Air Max Triax 96 SP,"149,97 €"
Nike,Nike Air Zoom-Type By You,"249,99 €"
Nike,Nike Phantom GT Pro AG-Pro,"51,97 €"
Nike,Nike Mercurial Vapor 13 Elite SG-PRO Anti-Clog Traction,"64,99 €"
Nike,Nike Zoom Mamba 3,"154,99 €"
Nike,Nike Tiempo Legend 8 Pro TF,"59,99 €"
Nike,Jordan Crater,"109,90 €"
Nike,Kyrie 7 By You,"79,99 €"
Nike,Nike Phantom GT Elite SG-Pro AC,"167,97 €"
Nike,Nike Phantom GT Elite By You,"279,99 €"
Nike,Nike Zoom Rival M 9,"149,99 €"
Nike,Nike Air Max 270 React SE,"224,99 €"
Nike,Nike Killshot SP,"129,99 €"
Nike,Nike Phantom GT Elite By You,"54,99 €"
Nike,Nike Air Max 95 Premium By You,"41,47 €"
Nike,Nike Mercurial Superfly 8 Elite By You,55 €
Nike,Nike Air Max Plus 2,"119,90 €"
Nike,Nike Killshot OG SP,"159,90 €"
Nike,Nike React Phantom GT Pro TF,150 €
Nike,Nike Air Max Plus,"179,99 €"
Nike,Nike Phantom GT Academy By You,"84,47 €"
Nike,LeBron Witness 5,"129,99 €"
Nike,Nike Phantom GT Pro AG-Pro,"155,97 €"
Nike,Nike Air Zoom Tempo NEXT% FlyEase,"259,90 €"
Nike,Nike React Miler Shield By You,"97,97 €"
Nike,Nike React Tiempo Legend 8 Pro IC,130 €
Nike,Nike Air Max 90,"109,99 €"
Nike,Nike Go FlyEase,"89,97 €"
Nike,NikeCourt Air Zoom Vapor Cage 4,"149,99 €"
Nike,Nike Air Max Command,"149,90 €"
Nike,Nike Phantom GT Elite By You,"207,97 €"
Nike,Nike Zoom Mamba 3,"259,99 €"
Nike,Nike Zoom Victory 3,"269,90 €"
Nike,Nike React Vision,"55,97 €"
Nike,Nike Air Force 1 High By You,"69,99 €"
Nike,Nike Venture Runner,"112,47 €"
Nike,Nike Victori One,160 €
Nike,Nike Blazer Low Premium Vintage Suede,"89,99 €"
Nike,Nike Romaleos 4,"269,90 €"
Nike,Nike Lunar Gato II IC,"199,90 €"
Nike,Nike Tiempo Legend 8 Elite FG,"289,90 €"
Nike,Jordan « Why Not? »Zer0.4 « Trust & Loyalty »,"179,99 €"
Nike,Nike Winflo 7 Shield,90 €
Nike,Nike Solarsoft 2,"76,97 €"
Nike,Nike Air Max 270 G,"109,99 €"
Nike,Nike Mercurial Superfly 7 Elite FG,170 €
Nike,Nike Air Max Exosense,"99,90 €"
Nike,Nike Mercurial Superfly 8 Pro FG,"99,99 €"
Nike,Nike Air Force 1 Low By You,"90,97 €"
Nike,Zoom Freak 2 By You,"129,99 €"
Nike,Nike ZoomX SuperRep Surge,"199,99 €"
Nike,Nike ACG Air Nasu GORE-TEX,"159,99 €"
Nike,Nike Squash-Type,"66,47 €"
Nike,Nike Phantom GT Academy Dynamic Fit IC,110 €
Nike,Nike React Infinity Run Flyknit 2 By You,"139,99 €"
Nike,Nike Phantom GT Elite AG-Pro,"119,99 €"
Nike,NikeCourt Air Max Volley,"149,99 €"
Nike,Jordan Delta Breathe,"77,97 €"
Nike,Nike Air Max 90 By You,"129,99 €"
Nike,Nike Metcon 6 By You,"289,90 €"
Nike,Nike Phantom GT Elite FG,"104,47 €"
Nike,Jordan Hydro 8 Paris Saint-Germain,130 €
Nike,Nike Revolution 5 FlyEase,"97,97 €"
Nike,Nike Zoom Rival S 9,130 €
Nike,Nike Phantom GT Pro FG,"77,97 €"
Nike,Nike Phantom GT Elite By Lautaro,"129,99 €"
Nike,Nike Air Zoom Vomero 15,"139,99 €"
Nike,Nike ISPA Drifter Split,"64,99 €"
Nike,Nike Lunar Gato II IC,"24,99 €"
Nike,Nike Mercurial Vapor 14 Pro AG,"71,97 €"
Nike,Nike Phantom Venom Elite AG-Pro,"89,99 €"
Nike,Nike Mercurial Superfly 8 Elite SG-Pro AC,"199,99 €"
Nike,LeBron 18 « Los Angeles By Night »,"71,97 €"
Nike,Nike Mercurial Vapor 14 Elite By You,"89,99 €"
Nike,Nike React Live By You,"219,99 €"
Nike,Nike Adapt BB 2.0,"139,99 €"
Nike,Zoom Freak 2,"104,99 €"
Nike,KD Trey 5 VIII,22 €
Nike,Nike Air Max 95,"149,99 €"
Nike,Nike Air Max III,"161,97 €"
Nike,Nike React Infinity Run Flyknit 2,"269,90 €"
Nike,Nike Mercurial Superfly 7 Academy IC,"124,99 €"
Nike,Nike Air Force 1 GTX,"149,99 €"
Nike,NikeCourt Zoom Vapor X Air Max 95,"119,99 €"
Nike,Nike Asuna,"139,90 €"
Nike,Nike Revolution 5,"129,99 €"
Nike,Nike Air Max 95,"139,99 €"
Nike,Nike Benassi JDI,"89,99 €"
Nike,Nike Phantom GT Academy TF,"58,47 €"
Nike,Nike Killshot OG,"89,99 €"
Nike,Nike Metcon 6 Premium,"179,90 €"
Nike,Nike Air Zoom Tempo NEXT% By You,"149,97 €"
Nike,Nike Cosmic Unity « Green Glow »,"249,99 €"
Nike,Nike Air Force 1 '07,"89,99 €"
Nike,Nike Air Zoom Pegasus 37 By You,"139,99 €"
Nike,Nike Alpha Menace Pro 2 Mid By You,"159,99 €"
Nike,Nike Mercurial Vapor 13 Elite FG,"149,99 €"
Nike,Nike Air Force 1 Mid '07,"249,99 €"
Nike,Air Jordan 1 High Zoom,"52,47 €"
Nike,Nike SB Air Zoom Janoski RM By You,65 €
Nike,Nike Air Max 2090 EOI,"54,99 €"
Nike,Nike Air Presto By You,"69,99 €"
Nike,Nike Air Max 97 By You,"129,99 €"
Nike,Nike Victori One,"269,90 €"
Nike,Nike React Element 55 By You,"149,99 €"
Nike,Nike Blazer Low Leather,"199,99 €"
Nike,Nike Court Vision Low,"67,47 €"
Nike,Nike Air Max 95 Essential,"89,90 €"
Nike,Nike Zoom Rival S 9,"139,99 €"
Nike,Nike Air Max 90 FlyEase,"175,47 €"
Nike,Nike Venture Runner,250 €
Nike,Nike Blazer Mid '77,"279,99 €"
Nike,Nike Space Hippie 04,"189,99 €"
Nike,Nike SB Zoom Blazer Mid Premium,"269,90 €"
Nike,Nike Victori One,"119,90 €"
Nike,Nike SB Charge Canvas,"349,99 €"
Nike,LeBron Soldier 14 By You,"119,99 €"
Nike,Nike Mercurial Vapor 13 Academy MG,"59,97 €"
Nike,Nike React Infinity Pro,"99,99 €"
Nike,Nike ISPA OverReact,"108,47 €"
Nike,Nike MC Trainer,180 €
Nike,Nike Mercurial Superfly 7 Elite AG-PRO,"149,99 €"
Nike,Nike Precision 4,"159,99 €"
Nike,Nike Phantom GT Elite By Crystal Dunn,"53,97 €"
Nike,Nike Air Zoom BB NXT « Sisterhood »,"89,99 €"
Nike,Nike Air Max Tailwind IV SP,"149,99 €"
Nike,Nike Mercurial Vapor 14 Club FG/MG,"169,99 €"
Nike,Nike Air Max Excee,"40,47 €"
Nike,Nike Downshifter 10,50 €
Nike,Nike Legend Essential 2,"54,99 €"
Nike,Nike React Phantom GT Pro IC,"169,99 €"
Nike,Nike Air Zoom UNVRS FlyEase,"22,47 €"
Nike,Nike Phantom GT Elite By Lucy Bronze,"27,99 €"
Nike,Nike Cross Trainer Low,"63,97 €"
Nike,Nike Mercurial Dream Speed Superfly 8 Academy TF,"79,90 €"
Nike,Nike Air Force 1 GTX Boot,"62,97 €"
Nike,KD Trey 5 VIII,"89,99 €"
Nike,Nike Phantom GT Pro Dynamic Fit FG,"139,99 €"
Nike,Nike Flow 2020 ISPA SE,"219,99 €"
Nike,Nike Phantom GT Elite Dynamic Fit FG,"149,99 €"
Nike,Nike Court Vision Low,"99,99 €"
Nike,Nike Phantom GT Academy IC,140 €
Nike,LeBron 18,130 €
Nike,Nike Court Vision Low,"149,97 €"
Nike,Nike Metcon 6,"249,90 €"
Nike,Nike Air Zoom Pegasus 37 Shield,"109,99 €"
Nike,Nike x Kim Jones Air Max 95,"174,99 €"
Nike,Nike React Miler Shield,"104,99 €"
Nike,Nike Phantom GT Elite FG,"159,99 €"
Nike,Air Jordan 1 Low,"139,99 €"
Nike,Nike Mercurial Superfly 8 Elite AG,"199,99 €"
Nike,Nike Killshot OG SP,"29,99 €"
Nike,Nike Air Max 90 FlyEase,"149,99 €"
Nike,Nike Tanjun,"72,47 €"
Nike,Nike React Vision,90 €
Nike,Nike PhantomVNM Elite Tech Craft FG,"48,97 €"
Nike,Nike SB Bruin React,"64,99 €"
Nike,Nike Air Max 95 By You,"169,99 €"
Nike,Nike Tiempo Legend 8 Elite SG-PRO Anti-Clog Traction,"55,97 €"
Nike,Nike Go FlyEase,"69,99 €"
Nike,Jordan Zoom '92,"97,97 €"
Nike,Nike Phantom Venom Elite AG-Pro,"139,99 €"
Nike,Nike Reposto,"51,97 €"
Nike,Nike SB Air Zoom Janoski RM By You,"64,99 €"
Nike,Nike Reposto,"109,99 €"
Nike,Nike Tiempo Legend 8 Pro TF,"139,99 €"
Nike,Nike Air Max 270,"71,97 €"
Nike,Nike Phantom Venom Elite SG-Pro Anti-Clog Traction,"89,99 €"
Nike,Nike Air Max 2090,"32,99 €"
Nike,Nike Mercurial Vapor 14 Elite SG-Pro AC,"54,99 €"
Nike,Nike Air Max 95 Essential,"159,90 €"
Nike,Nike Phantom GT Academy AG,"63,97 €"
Nike,Nike SB Chron Solarsoft,"79,90 €"
Nike,Nike Air Max 90 FlyEase,"139,99 €"
Nike,Nike Kawa,"159,99 €"
Nike,Nike DBreak-Type SE,"69,99 €"
Nike,PG 5 By You,"216,47 €"
Nike,Nike Space Hippie 01,270 €
Nike,Nike Mercurial Vapor 14 Club TF,"52,47 €"
Nike,Nike Canyon,"69,99 €"
Nike,Nike Air Max ZM950,"289,90 €"
Nike,KD13 By You,"179,99 €"
Nike,Nike Air Force 1 GORE-TEX,"102,47 €"
Nike,Nike Mercurial Vapor 14 Academy SG-Pro AC,170 €
Nike,Nike SB Zoom Stefan Janoski FL RM,"54,99 €"
Nike,Nike Air Max 90,"109,99 €"
Nike,Nike LD Victory,"59,99 €"
Nike,NikeCourt Air Zoom GP Turbo,"59,99 €"
Nike,Nike Waffle Trainer 2 SP,"71,47 €"
Nike,NikeCourt Air Zoom Vapor Cage 4,"109,99 €"
Nike,Nike Air Max 97,"127,97 €"
Nike,NikeCourt Air Max Volley,"159,99 €"
Nike,Nike Phantom Vision Elite Dynamic Fit Anti-Clog SG-PRO,"269,90 €"
Nike,Nike Air Zoom Terra Kiger 7,"79,99 €"
Nike,Nike Air Max LTD 3,"94,99 €"
Nike,Nike Air Force 1 Mid '07,"179,99 €"
Nike,Nike Air Zoom Infinity Tour,"99,99 €"
Nike,Zoom Freak 2 « Letter Bro »,"149,99 €"
Nike,Jordan Zoom '92,"179,99 €"
Nike,Nike Air Max 90 EOI,"269,99 €"
Nike,Kyrie Low 3,"64,99 €"
Nike,Nike Air Zoom Infinity Tour,"59,97 €"
Nike,Nike Air Heights,"79,99 €"
Nike,Nike Air Max Zephyr,"189,99 €"
Nike,Nike React HyperSet,"51,97 €"
Nike,Nike Go FlyEase,"64,99 €"
Nike,Nike Phantom Vision Elite Dynamic Fit AG-PRO,"129,99 €"
Nike,Nike CruzrOne,"90,97 €"
Nike,Nike Challenger OG,"129,99 €"
Nike,Nike Air VaporMax Evo,"219,99 €"
Nike,Nike React Phantom GT Pro IC,"83,97 €"
Nike,Nike Mercurial Superfly 8 Academy SG-Pro AC,"139,99 €"
Nike,Nike Phantom GT Academy MG,"199,97 €"
Nike,Nike Phantom GT Academy MG,"249,99 €"
Nike,Nike Tiempo Legend 8 Club MG,"109,99 €"
Nike,Nike Air Max 2090,"269,99 €"
Nike,Nike Mercurial Vapor 13 Academy SG-PRO Anti-Clog Traction,"63,47 €"
Nike,Nike ISPA Drifter Split,90 €
Nike,Nike Air Zoom SuperRep 2 Premium,"98,47 €"
Nike,Nike Phantom GT Academy FlyEase MG,140 €
Nike,Nike React Vision PRM 3M™,"64,99 €"
Nike,Nike Victori One,"129,99 €"
Nike,Nike Court Royale 2 Low,"200,47 €"
Nike,Nike Downshifter 10 Special Edition,250 €
Nike,Nike Mercurial Vapor 13 Academy AG,"64,97 €"
Nike,Nike Mercurial Vapor 14 Academy By You,"99,99 €"
Nike,Nike SB BLZR Court,"179,99 €"
Nike,Nike React Vision,"149,97 €"
Nike,Nike Mercurial Vapor 14 Club IC,230 €
Nike,Nike SB Bruin React,"119,99 €"
Nike,Nike Air Max Triax 96,"149,99 €"
Nike,Nike React Vision By You,"150,47 €"
Nike,PG 5 « Play for the Future »,250 €
Nike,Nike Air Max 270 G,"55,97 €"
Nike,Nike Metcon 6 By You,"79,99 €"
Nike,Nike Phantom GT Academy Dynamic Fit TF,"104,99 €"
Nike,Nike Air Max Plus III,"79,99 €"
Nike,Nike Air Force 1 '07 LV8,"65,97 €"
Nike,Nike Phantom GT Academy By You,"109,90 €"
Nike,Nike Downshifter 10,"149,99 €"
Nike,Nike Air Force 1 '07,"195,47 €"
Nike,Nike Court Royale,260 €
Nike,Nike Flex Experience Run 10,"149,99 €"
Nike,Nike Air Max 90 QS,"259,99 €"
Nike,Nike React Vision,"169,99 €"
Nike,Nike Tiempo Legend 8 Elite FG,"55,97 €"
Nike,Nike Phantom GT Academy Dynamic Fit MG,"79,99 €"
Nike,Nike Air Max 3,"64,99 €"
Nike,Nike SB Heritage Vulc,"97,97 €"
Nike,Nike Tiempo Legend 8 Academy TF,"139,99 €"
Nike,Nike ZoomX Vaporfly NEXT%,"21,99 €"
Nike,Nike Tiempo Legend 8 Club TF,"64,97 €"
Nike,Nike Phantom GT Elite Dynamic Fit AG-PRO,"99,99 €"
Nike,Nike Explore Strada,"139,90 €"
Nike,Nike Mercurial Vapor 14 Academy IC,"129,99 €"
Nike,Nike Canyon,"54,99 €"
Nike,Nike Tiempo Legend 8 Elite SG-PRO Anti-Clog Traction,"64,99 €"
Nike,Nike Zoom Matumbo 3,"107,97 €"
Nike,Nike Phantom Venom Elite AG-Pro,"179,99 €"
Nike,Nike Mercurial Vapor 14 Academy AG,"169,90 €"
Nike,Nike OffCourt SE,"179,99 €"
Nike,Nike OffCourt SE,"84,99 €"
Nike,Nike Air Max Tailwind V SP,"59,47 €"
Nike,NikeCourt Air Zoom Vapor Cage 4,"84,99 €"
Nike,Nike Air Max 2090,"139,99 €"
Nike,Nike Metcon 6,"59,97 €"
Nike,Nike React Metcon Turbo,"74,99 €"
Nike,Nike Air Force 1 '07 LV8,"83,97 €"
Nike,Nike Mercurial Superfly 8 Club MG,"139,99 €"
Nike,Nike Blazer Mid '77,"99,99 €"
Nike,Nike React Miler 2,"149,99 €"
Nike,Nike ISPA Drifter Gator,"179,99 €"
Nike,Jordan Delta Mid,"89,99 €"
Nike,Nike Air Max 95 NDSTRKT,"168,47 €"
Nike,Kyrie Flytrap 4,280 €
Nike,Nike React Tiempo Legend 8 Pro IC,"139,99 €"
Nike,Nike Tiempo Legend 8 Pro AG-PRO,"83,97 €"
Nike,Nike Mercurial Dream Speed Superfly 8 Academy MG,"119,99 €"
Nike,Nike Air Max 90,"109,99 €"
Nike,Nike Mercurial Superfly 7 Academy MG,"199,99 €"
Nike,Nike Zoom Victory 3,"119,99 €"
Nike,Nike Blazer Low LE,"149,99 €"
Nike,Nike Air Tailwind 79,"149,99 €"
Nike,Nike Blazer Mid '77 Suede,"114,99 €"
Nike,Nike Blazer Low '77 Vintage,"199,99 €"
Nike,Nike Air Max Plus III,"52,47 €"
Nike,Nike Air Max 97 EOI,80 €
Nike,Nike Zoom Rival D 10,"179,99 €"
Nike,Kyrie 7 « Play for the Future »,"124,99 €"
Nike,Nike Cortez Basic,"119,99 €"
Nike,Nike Phantom GT Academy By You,"162,47 €"
Nike,Nike Mercurial Superfly 8 Pro AG,270 €
Nike,Nike PhantomVSN Academy Dynamic Fit SG-Pro Anti-Clog Traction,"90,47 €"
Nike,Nike Air Max 95 Essential,150 €
Nike,Jordan Break,"89,99 €"
Nike,Nike Air Max Plus II,"224,99 €"
Nike,Nike Phantom Venom Elite SG-Pro Anti-Clog Traction,"76,97 €"
Nike,Nike Phantom GT Elite Dynamic Fit AG-PRO,"109,99 €"
Nike,Nike Mercurial Superfly 8 Club IC,"94,99 €"
Nike,Nike Mercurial Vapor 13 Academy MG,"55,97 €"
Nike,Nike Air Zoom Infinity Tour,"79,99 €"
Nike,Nike MC Trainer,"55,97 €"
Nike,LeBron 18 Low « Neon Nights »,"79,99 €"
Nike,Nike Air Max 95 Essential,"49,99 €"
Nike,Nike Air Max 270 G,"149,99 €"
Nike,NikeCourt Air Max Vapor Wing Premium,"67,97 €"
Nike,Nike ISPA Air Max 720,"84,99 €"
Nike,Nike Tiempo Legend 8 Club MG,"199,99 €"
Nike,Nike Mercurial Superfly 7 Academy TF,"129,99 €"
Nike,Nike Mercurial Superfly 7 Academy TF,"79,99 €"
Nike,Nike Phantom GT Club Dynamic Fit MG,"139,99 €"
Nike,Nike ZoomX SuperRep Surge,"26,47 €"
Nike,Kyrie 7 « Creator »,"32,99 €"
Nike,Nike Court Royale,"59,99 €"
Nike,Nike Downshifter 11,"51,47 €"
Nike,Nike Air Max Plus,60 €
Nike,LeBron 18 « Play for the Future »,"51,97 €"
Nike,Nike Zoom Mamba V,"79,99 €"
Nike,NikeCourt Air Max Vapor Wing MS,"99,90 €"
Nike,Chaussure de basketball Jordan « Why Not? » Zer0.3 SE,"64,99 €"
Nike,Nike React Phantom GT Pro TF,"129,99 €"
Nike,Nike Air Max Tailwind V SP,"43,97 €"
Nike,Nike Phantom GT Elite By You,"54,99 €"
Nike,Air Jordan 7 Retro GC,"99,99 €"
Nike,Nike Air Max 2090 By You,"78,47 €"
Nike,Nike Blazer Mid '77 Vintage,130 €
Nike,Nike DBreak-Type,"149,90 €"
Nike,Nike Mercurial Superfly 7 Club IC,"119,99 €"
Nike,Nike Mercurial Superfly 8 Academy IC,"149,99 €"
Nike,Nike Offcourt,"149,99 €"
Nike,Nike Air Max 95,"89,99 €"
Nike,Nike Cosmic Unity « Amalgam »,"189,99 €"
Nike,Nike Air Max 90,"109,99 €"
Nike,Nike Air Max 270 React,"109,90 €"
Nike,Nike Offline,"50,97 €"
Nike,Nike Tiempo Legend 8 Academy IC,"59,99 €"
Nike,Nike Blazer Mid '77 Suede,"99,99 €"
Nike,Nike Revolution 5 FlyEase,"41,47 €"
Nike,Nike Precision 4,"54,99 €"
Nike,Nike SB Zoom Blazer Mid,"64,99 €"
Nike,Nike Air Max 95 Premium,"159,99 €"
Nike,Nike Air Max 720 OBJ Slip,"129,99 €"
Nike,Nike ACG Air Nasu GORE-TEX,"131,97 €"
Nike,Nike Offcourt,"219,99 €"
Nike,Air Jordan 1 Mid,"89,99 €"
Nike,Nike Cortez Basic,"149,99 €"
Nike,Nike Phantom GT Club MG,"69,99 €"
Nike,Nike Canyon,"52,47 €"
Nike,Nike Mercurial Vapor 14 Academy TF,"69,99 €"
Nike,Nike Downshifter 11,"274,99 €"
Nike,Nike Phantom GT Academy TF,"39,97 €"
Nike,Nike Phantom GT Club Dynamic Fit TF,"49,99 €"
Nike,Nike Air Max 2090,"188,97 €"
Nike,Nike Air Max VG-R,"269,99 €"
Nike,Nike ISPA OverReact FlyKnit,"48,97 €"
Nike,Nike Mercurial Vapor 13 Club TF,"64,99 €"
Nike,Nike Air Max 2090,"51,97 €"
Nike,Nike Tiempo Legend 8 Elite Tech Craft FG,"79,99 €"
Nike,Nike Manoa,"45,47 €"
Nike,Nike Air Force 1 High '07,"64,99 €"
Nike,Nike SpeedRep,"160,97 €"
Nike,Nike Court Vision Low,"229,90 €"
Nike,Nike Air Monarch IV,"84,47 €"
Nike,Nike Tiempo Legend 8 Elite SG-PRO Anti-Clog Traction,120 €
Nike,Nike Mercurial Vapor 13 Academy SG-PRO Anti-Clog Traction,"175,47 €"
Nike,Nike OverBreak SP,250 €
Nike,Nike Mercurial Vapor 14 Pro IC,"55,97 €"
Nike,Nike Air Max 95,"79,99 €"
Nike,Nike SB Nyjah Free 2,"27,97 €"
Nike,Nike Zoom Celar 5,"34,99 €"
Nike,Nike Blazer Mid '77 Patch,"27,97 €"
Nike,NikeCourt Lite 2,"34,99 €"
Nike,Nike Zoom Victory 3 Oregon Track Club,"179,99 €"
Nike,Nike Renew Lucent,"97,47 €"
Nike,KD13,"149,99 €"
Nike,Nike Air Max 95 (Fédération du Nigeria de football),"89,97 €"
Nike,Nike Asuna Crater,"149,99 €"
Nike,Nike Air Max Excee,"77,97 €"
Nike,Nike DBreak-Type,"129,99 €"
Nike,Nike Phantom GT Club MG,"149,99 €"
Nike,Nike Phantom GT Elite By You,"109,99 €"
Nike,Nike Phantom GT Academy IC,"64,99 €"
Nike,Zoom Freak 2,"109,99 €"
Nike,Nike Phantom GT Academy Dynamic Fit TF,"129,99 €"
Nike,Nike Air Max Zephyr EOI,"219,99 €"
Nike,Nike Mercurial Vapor 14 Club IC,"159,99 €"
Nike,Nike Air Max 95,"199,99 €"
Nike,Nike React Gato,"89,99 €"
Nike,Nike Air Max 2015,"109,99 €"
Nike,Jordan Max 200,"77,97 €"
Nike,KD13 « Play for the Future »,"129,99 €"
Nike,Nike Air Structure,"94,99 €"
Nike,Nike Tanjun,140 €
Nike,Nike Phantom Scorpion Elite FG,"62,97 €"
Nike,Nike Phantom GT Elite By Rodrygo,"89,99 €"
Nike,Nike React Infinity Pro,"91,47 €"
Nike,Nike Air Force 1 Low GORE-TEX,130 €
Nike,Nike Mercurial Vapor 13 Pro FG,"71,97 €"
Nike,Nike Phantom GT Elite By Pernille Harder,"89,99 €"
Nike,Nike Ebernon Low,"62,97 €"
Nike,Nike Air Max 95 EOI,"89,99 €"
Nike,Nike Air Max Exosense SE,"99,99 €"
Nike,Nike Zoom Victory Elite 2,"89,99 €"
Nike,Nike Court Vintage Premium,"179,99 €"
Nike,Nike Internationalist By You,"189,99 €"
Nike,Nike Mercurial Vapor 13 Elite MDS SG-PRO Anti-Clog Traction,"69,99 €"
Nike,Nike SB Shane,"129,99 €"
Nike,Nike Air Zoom Tempo Next% Flyknit By You,"55,47 €"
Nike,Nike Air Max 200 SE,"84,99 €"
Nike,Nike Mercurial Superfly 6 Club TF,"99,90 €"
Nike,Nike Court Royale 2 Low,"104,97 €"
Nike,Nike React Infinity Pro,"149,99 €"
Nike,Nike x Kim Jones Air Max 95,"71,47 €"
Nike,Nike Renew Elevate,95 €
Nike,Nike Premier 2 SG-Pro AC,"169,99 €"
Nike,Nike Phantom GT Elite AG-Pro,"23,97 €"
Nike,LeBron 18 « Blue Multi »,"29,99 €"
Nike,Nike Court Vision Mid,"179,99 €"
Nike,Nike ZoomX Vaporfly NEXT%,"208,47 €"
Nike,Nike Air Zoom BB NXT,260 €
Nike,Nike Phantom GT Elite Dynamic Fit FG,"161,97 €"
Nike,Nike Manoa,"269,90 €"
Nike,Nike Air Max 200,"64,99 €"
Nike,Nike Air Max Excee,"59,97 €"
Nike,Nike Tiempo Legend 8 Academy MG,"79,99 €"
Nike,Nike Renew Lucent 2,"139,97 €"
Nike,Nike Revolution 5,"199,99 €"
Nike,Nike Air VaporMax 2020 FK,"52,47 €"
Nike,Jordan Max Aura 2,"69,99 €"
Nike,Jordan Proto-Max 720,"159,99 €"
Nike,Nike Air Zoom Pegasus 36 Shield,"169,99 €"
Nike,Nike Phantom GT Elite By Kai Havertz,"149,99 €"
Nike,Nike Blazer Mid '77 Vintage,"75,47 €"
Nike,Nike React Miler,100 €
Nike,Nike MD Runner 2,"126,47 €"
Nike,Nike Mercurial Superfly 8 Club TF,210 €
Nike,Nike Superfly 6 Club MG,"39,97 €"
Nike,Nike Phantom GT Elite Tech Craft FG,"49,99 €"
Nike,Nike Air Max Tailwind IV SE,"53,97 €"
Nike,Nike Air Zoom Infinity Tour,"89,99 €"
Nike,Jordan « Why Not? » Zer0.4,"53,97 €"
Nike,Nike Mercurial Vapor 13 Club MG,"89,99 €"
Nike,Nike ZoomX Vaporfly NEXT%,"64,99 €"
Nike,Nike Air Max 90 Premium,"90,97 €"
Nike,Nike Air Max Plus,"129,99 €"
Nike,Nike Air Max Zephyr,"129,99 €"
Nike,Nike Air Zoom Winflo 7,"44,47 €"
Nike,LeBron 17 MTAA,55 €
Nike,Nike Phantom Vision Elite Dynamic Fit FG,"59,99 €"
Nike,Nike AF 1/1,"169,99 €"
Nike,Nike ZoomX SuperRep Surge,"189,99 €"
Nike,Nike Phantom GT Elite Dynamic Fit FG,"100,47 €"
Nike,Nike Blazer Mid '77 NRG,125 €
Nike,Nike Joyride Dual Run,"55,97 €"
Nike,Nike Air Max Exosense SE,"69,99 €"
Nike,Nike Waffle Racer,"139,99 €"
Nike,Nike SB Zoom Stefan Janoski RM Premium,"82,47 €"
Nike,Nike React Tiempo Legend 8 Pro IC,"109,99 €"
Nike,Nike Phantom GT Elite Dynamic Fit SG-Pro AC,"179,99 €"
Nike,Nike Pegasus Trail 2 GORE-TEX,"269,90 €"
Nike,Nike Mercurial Superfly 7 Club IC,"199,99 €"
Nike,Nike Air Flight 89,"169,99 €"
Nike,Nike Downshifter 11,"109,99 €"
Nike,Nike Blazer Mid '77 Vintage,"62,97 €"
Nike,Nike Tiempo Legend 8 Elite AG-PRO,"89,99 €"